[
  {
    "patient_id": 1,
    "name": "Stephanie Powell",
    "age": 38,
    "gender": "Other",
    "diagnosis": "current",
    "heart_rate": 78,
    "temperature": 37.9,
    "oxygen_saturation": 96,
    "doctors": [
      {
        "doctor_id": 4,
        "name": "Adrian Leon",
        "appointment_count": 0
      },
      {
        "doctor_id": 1,
        "name": "Javier Brown",
        "appointment_count": 0
      },
      {
        "doctor_id": 3,
        "name": "Steve Vargas",
        "appointment_count": 0
      },
      {
        "doctor_id": 3,
        "name": "Steve Vargas",
        "appointment_count": 0
      }
    ]
  },
  {
    "patient_id": 2,
    "name": "Barbara Clark",
    "age": 59,
    "gender": "Other",
    "diagnosis": "east",
    "heart_rate": 98,
    "temperature": 37.1,
    "oxygen_saturation": 97,
    "doctors": [
      {
        "doctor_id": 6,
        "name": "Crystal Powell",
        "appointment_count": 0
      },
      {
        "doctor_id": 1,
        "name": "Javier Brown",
        "appointment_count": 0
      }
    ]
  },
  {
    "patient_id": 3,
    "name": "Christine Avila",
    "age": 19,
    "gender": "Female",
    "diagnosis": "black",
    "heart_rate": 81,
    "temperature": 37.6,
    "oxygen_saturation": 100,
    "doctors": [
      {
        "doctor_id": 6,
        "name": "Crystal Powell",
        "appointment_count": 0
      },
      {
        "doctor_id": 2,
        "name": "Michelle Palmer",
        "appointment_count": 0
      }
    ]
  },
  {
    "patient_id": 4,
    "name": "Amy Decker",
    "age": 60,
    "gender": "Female",
    "diagnosis": "than",
    "heart_rate": 61,
    "temperature": 37.0,
    "oxygen_saturation": 97,
    "doctors": [
      {
        "doctor_id": 2,
        "name": "Michelle Palmer",
        "appointment_count": 0
      },
      {
        "doctor_id": 5,
        "name": "Tina Perez",
        "appointment_count": 0
      }
    ]
  },
  {
    "patient_id": 5,
    "name": "Paul Morgan",
    "age": 54,
    "gender": "Other",
    "diagnosis": "health",
    "heart_rate": 74,
    "temperature": 36.6,
    "oxygen_saturation": 95,
    "doctors": [
      {
        "doctor_id": 4,
        "name": "Adrian Leon",
        "appointment_count": 0
      },
      {
        "doctor_id": 2,
        "name": "Michelle Palmer",
        "appointment_count": 0
      },
      {
        "doctor_id": 7,
        "name": "Brenda Jensen",
        "appointment_count": 0
      }
    ]
  },
  {
    "patient_id": 6,
    "name": "Nancy Ortiz",
    "age": 63,
    "gender": "Male",
    "diagnosis": "chance",
    "heart_rate": 93,
    "temperature": 36.3,
    "oxygen_saturation": 95,
    "doctors": [
      {
        "doctor_id": 4,
        "name": "Adrian Leon",
        "appointment_count": 0
      },
      {
        "doctor_id": 3,
        "name": "Steve Vargas",
        "appointment_count": 0
      },
      {
        "doctor_id": 1,
        "name": "Javier Brown",
        "appointment_count": 0
      }
    ]
  },
  {
    "patient_id": 7,
    "name": "David Hunter",
    "age": 90,
    "gender": "Other",
    "diagnosis": "six",
    "heart_rate": 76,
    "temperature": 37.6,
    "oxygen_saturation": 99,
    "doctors": [
      {
        "doctor_id": 4,
        "name": "Adrian Leon",
        "appointment_count": 0
      },
      {
        "doctor_id": 7,
        "name": "Brenda Jensen",
        "appointment_count": 0
      }
    ]
  },
  {
    "patient_id": 8,
    "name": "Jenna Foster",
    "age": 22,
    "gender": "Male",
    "diagnosis": "star",
    "heart_rate": 83,
    "temperature": 36.6,
    "oxygen_saturation": 97,
    "doctors": [
      {
        "doctor_id": 6,
        "name": "Crystal Powell",
        "appointment_count": 0
      },
      {
        "doctor_id": 2,
        "name": "Michelle Palmer",
        "appointment_count": 0
      },
      {
        "doctor_id": 1,
        "name": "Javier Brown",
        "appointment_count": 0
      },
      {
        "doctor_id": 6,
        "name": "Crystal Powell",
        "appointment_count": 0
      }
    ]
  },
  {
    "patient_id": 9,
    "name": "Brent Howard",
    "age": 21,
    "gender": "Male",
    "diagnosis": "issue",
    "heart_rate": 61,
    "temperature": 36.2,
    "oxygen_saturation": 99,
    "doctors": [
      {
        "doctor_id": 1,
        "name": "Javier Brown",
        "appointment_count": 0
      },
      {
        "doctor_id": 3,
        "name": "Steve Vargas",
        "appointment_count": 0
      },
      {
        "doctor_id": 1,
        "name": "Javier Brown",
        "appointment_count": 0
      },
      {
        "doctor_id": 5,
        "name": "Tina Perez",
        "appointment_count": 0
      },
      {
        "doctor_id": 6,
        "name": "Crystal Powell",
        "appointment_count": 0
      }
    ]
  },
  {
    "patient_id": 10,
    "name": "Kimberly Miller",
    "age": 39,
    "gender": "Other",
    "diagnosis": "technology",
    "heart_rate": 84,
    "temperature": 36.9,
    "oxygen_saturation": 95,
    "doctors": [
      {
        "doctor_id": 2,
        "name": "Michelle Palmer",
        "appointment_count": 0
      },
      {
        "doctor_id": 3,
        "name": "Steve Vargas",
        "appointment_count": 0
      },
      {
        "doctor_id": 2,
        "name": "Michelle Palmer",
        "appointment_count": 0
      },
      {
        "doctor_id": 3,
        "name": "Steve Vargas",
        "appointment_count": 0
      }
    ]
  },
  {
    "patient_id": 11,
    "name": "Jordan Ford",
    "age": 60,
    "gender": "Female",
    "diagnosis": "later",
    "heart_rate": 67,
    "temperature": 36.5,
    "oxygen_saturation": 95,
    "doctors": [
      {
        "doctor_id": 6,
        "name": "Crystal Powell",
        "appointment_count": 0
      },
      {
        "doctor_id": 4,
        "name": "Adrian Leon",
        "appointment_count": 0
      },
      {
        "doctor_id": 5,
        "name": "Tina Perez",
        "appointment_count": 0
      },
      {
        "doctor_id": 1,
        "name": "Javier Brown",
        "appointment_count": 0
      }
    ]
  },
  {
    "patient_id": 12,
    "name": "Riley Elliott",
    "age": 30,
    "gender": "Other",
    "diagnosis": "remember",
    "heart_rate": 61,
    "temperature": 36.4,
    "oxygen_saturation": 98,
    "doctors": [
      {
        "doctor_id": 4,
        "name": "Adrian Leon",
        "appointment_count": 0
      },
      {
        "doctor_id": 6,
        "name": "Crystal Powell",
        "appointment_count": 0
      }
    ]
  },
  {
    "patient_id": 13,
    "name": "Tanya Downs",
    "age": 26,
    "gender": "Other",
    "diagnosis": "trouble",
    "heart_rate": 83,
    "temperature": 36.2,
    "oxygen_saturation": 98,
    "doctors": [
      {
        "doctor_id": 4,
        "name": "Adrian Leon",
        "appointment_count": 0
      },
      {
        "doctor_id": 6,
        "name": "Crystal Powell",
        "appointment_count": 0
      },
      {
        "doctor_id": 7,
        "name": "Brenda Jensen",
        "appointment_count": 0
      },
      {
        "doctor_id": 6,
        "name": "Crystal Powell",
        "appointment_count": 0
      }
    ]
  },
  {
    "patient_id": 14,
    "name": "Kenneth Avery",
    "age": 80,
    "gender": "Female",
    "diagnosis": "sister",
    "heart_rate": 69,
    "temperature": 37.6,
    "oxygen_saturation": 97,
    "doctors": [
      {
        "doctor_id": 5,
        "name": "Tina Perez",
        "appointment_count": 0
      },
      {
        "doctor_id": 2,
        "name": "Michelle Palmer",
        "appointment_count": 0
      },
      {
        "doctor_id": 1,
        "name": "Javier Brown",
        "appointment_count": 0
      },
      {
        "doctor_id": 5,
        "name": "Tina Perez",
        "appointment_count": 0
      },
      {
        "doctor_id": 5,
        "name": "Tina Perez",
        "appointment_count": 0
      }
    ]
  },
  {
    "patient_id": 15,
    "name": "Carol Wilkinson",
    "age": 70,
    "gender": "Male",
    "diagnosis": "garden",
    "heart_rate": 73,
    "temperature": 37.1,
    "oxygen_saturation": 97,
    "doctors": [
      {
        "doctor_id": 4,
        "name": "Adrian Leon",
        "appointment_count": 0
      },
      {
        "doctor_id": 7,
        "name": "Brenda Jensen",
        "appointment_count": 0
      }
    ]
  },
  {
    "patient_id": 16,
    "name": "Jimmy Johnson",
    "age": 36,
    "gender": "Female",
    "diagnosis": "throughout",
    "heart_rate": 64,
    "temperature": 36.5,
    "oxygen_saturation": 97,
    "doctors": [
      {
        "doctor_id": 4,
        "name": "Adrian Leon",
        "appointment_count": 0
      },
      {
        "doctor_id": 1,
        "name": "Javier Brown",
        "appointment_count": 0
      }
    ]
  },
  {
    "patient_id": 17,
    "name": "Melissa Pratt",
    "age": 89,
    "gender": "Other",
    "diagnosis": "director",
    "heart_rate": 72,
    "temperature": 37.3,
    "oxygen_saturation": 98,
    "doctors": [
      {
        "doctor_id": 5,
        "name": "Tina Perez",
        "appointment_count": 0
      },
      {
        "doctor_id": 1,
        "name": "Javier Brown",
        "appointment_count": 0
      },
      {
        "doctor_id": 1,
        "name": "Javier Brown",
        "appointment_count": 0
      },
      {
        "doctor_id": 4,
        "name": "Adrian Leon",
        "appointment_count": 0
      }
    ]
  },
  {
    "patient_id": 18,
    "name": "Haley Mills",
    "age": 63,
    "gender": "Male",
    "diagnosis": "arrive",
    "heart_rate": 68,
    "temperature": 37.1,
    "oxygen_saturation": 96,
    "doctors": [
      {
        "doctor_id": 1,
        "name": "Javier Brown",
        "appointment_count": 0
      },
      {
        "doctor_id": 1,
        "name": "Javier Brown",
        "appointment_count": 0
      }
    ]
  },
  {
    "patient_id": 19,
    "name": "Michelle Munoz",
    "age": 47,
    "gender": "Female",
    "diagnosis": "name",
    "heart_rate": 66,
    "temperature": 37.6,
    "oxygen_saturation": 99,
    "doctors": [
      {
        "doctor_id": 4,
        "name": "Adrian Leon",
        "appointment_count": 0
      },
      {
        "doctor_id": 3,
        "name": "Steve Vargas",
        "appointment_count": 0
      },
      {
        "doctor_id": 5,
        "name": "Tina Perez",
        "appointment_count": 0
      }
    ]
  },
  {
    "patient_id": 20,
    "name": "Jennifer Thomas",
    "age": 76,
    "gender": "Female",
    "diagnosis": "husband",
    "heart_rate": 83,
    "temperature": 37.4,
    "oxygen_saturation": 98,
    "doctors": [
      {
        "doctor_id": 7,
        "name": "Brenda Jensen",
        "appointment_count": 0
      },
      {
        "doctor_id": 1,
        "name": "Javier Brown",
        "appointment_count": 0
      },
      {
        "doctor_id": 1,
        "name": "Javier Brown",
        "appointment_count": 0
      },
      {
        "doctor_id": 5,
        "name": "Tina Perez",
        "appointment_count": 0
      },
      {
        "doctor_id": 6,
        "name": "Crystal Powell",
        "appointment_count": 0
      }
    ]
  },
  {
    "patient_id": 21,
    "name": "Cathy Smith",
    "age": 40,
    "gender": "Other",
    "diagnosis": "like",
    "heart_rate": 88,
    "temperature": 37.5,
    "oxygen_saturation": 100,
    "doctors": [
      {
        "doctor_id": 4,
        "name": "Adrian Leon",
        "appointment_count": 0
      },
      {
        "doctor_id": 6,
        "name": "Crystal Powell",
        "appointment_count": 0
      },
      {
        "doctor_id": 3,
        "name": "Steve Vargas",
        "appointment_count": 0
      }
    ]
  },
  {
    "patient_id": 22,
    "name": "Sarah Ross",
    "age": 46,
    "gender": "Male",
    "diagnosis": "believe",
    "heart_rate": 64,
    "temperature": 37.3,
    "oxygen_saturation": 99,
    "doctors": [
      {
        "doctor_id": 1,
        "name": "Javier Brown",
        "appointment_count": 0
      },
      {
        "doctor_id": 7,
        "name": "Brenda Jensen",
        "appointment_count": 0
      },
      {
        "doctor_id": 6,
        "name": "Crystal Powell",
        "appointment_count": 0
      },
      {
        "doctor_id": 6,
        "name": "Crystal Powell",
        "appointment_count": 0
      }
    ]
  },
  {
    "patient_id": 23,
    "name": "Taylor Dickerson",
    "age": 66,
    "gender": "Female",
    "diagnosis": "majority",
    "heart_rate": 92,
    "temperature": 37.0,
    "oxygen_saturation": 97,
    "doctors": [
      {
        "doctor_id": 3,
        "name": "Steve Vargas",
        "appointment_count": 0
      },
      {
        "doctor_id": 5,
        "name": "Tina Perez",
        "appointment_count": 0
      },
      {
        "doctor_id": 6,
        "name": "Crystal Powell",
        "appointment_count": 0
      }
    ]
  },
  {
    "patient_id": 24,
    "name": "David Williams",
    "age": 34,
    "gender": "Other",
    "diagnosis": "west",
    "heart_rate": 77,
    "temperature": 36.9,
    "oxygen_saturation": 95,
    "doctors": [
      {
        "doctor_id": 1,
        "name": "Javier Brown",
        "appointment_count": 0
      },
      {
        "doctor_id": 3,
        "name": "Steve Vargas",
        "appointment_count": 0
      },
      {
        "doctor_id": 7,
        "name": "Brenda Jensen",
        "appointment_count": 0
      },
      {
        "doctor_id": 4,
        "name": "Adrian Leon",
        "appointment_count": 0
      }
    ]
  },
  {
    "patient_id": 25,
    "name": "Janet Ward",
    "age": 31,
    "gender": "Female",
    "diagnosis": "remember",
    "heart_rate": 88,
    "temperature": 37.9,
    "oxygen_saturation": 97,
    "doctors": [
      {
        "doctor_id": 7,
        "name": "Brenda Jensen",
        "appointment_count": 0
      },
      {
        "doctor_id": 3,
        "name": "Steve Vargas",
        "appointment_count": 0
      }
    ]
  }
]